enzyme,drug,role
1A2,Diazoxide,substrate
1A2,Fezolinetant,substrate
1A2,PEGASYS(peginterferon alfa-2a),inhibitor
1A2,alosetron,substrate
1A2,amiodarone,inhibitor
1A2,beta-naphthoflavone,inducer
1A2,broccoli,inducer
1A2,brussel sprouts,inducer
1A2,caffeine,substrate
1A2,carbamazepine,inducer
1A2,cimetidine,inhibitor
1A2,ciprofloxacin,inhibitor
1A2,clomipramine,substrate
1A2,clozapine,substrate
1A2,cyclobenzaprine,substrate
1A2,duloxetine,substrate
1A2,efavirenz,inhibitor
1A2,estradiol,substrate
1A2,fluvoxamine,inhibitor
1A2,fluvoxamine,substrate
1A2,furafylline,inhibitor
1A2,haloperidol,substrate
1A2,imipramine,substrate
1A2,lidocaine,substrate
1A2,melatonin,substrate
1A2,methoxsalen,inhibitor
1A2,mexiletine,inhibitor
1A2,mexiletine,substrate
1A2,nabumetone,substrate
1A2,naproxen,substrate
1A2,olanzapine,substrate
1A2,omeprazole,inducer
1A2,phenacetin,substrate
1A2,pirfenidone,substrate
1A2,pomalidomide,substrate
1A2,propranolol,substrate
1A2,quercetin,inhibitor
1A2,ribociclib,inhibitor
1A2,rifampin,inducer
1A2,riluzole,substrate
1A2,roflumilast,substrate
1A2,ropivacaine,substrate
1A2,rucaparib,inhibitor
1A2,simeprevir,inhibitor
1A2,tacrine,substrate
1A2,tasimelteon,substrate
1A2,teriflunomide,inducer
1A2,theophylline,substrate
1A2,tipranavir and ritonavir,inducer
1A2,tizanidine,substrate
1A2,tobacco,inducer
1A2,triamterene,substrate
1A2,vemurafenib,inhibitor
1A2,viloxazine,inhibitor
1A2,warfarin,substrate
1A2,zileuton,inhibitor
1A2,zileuton,substrate
1A2,zolmitriptan,substrate
2B6,artemether,substrate
2B6,artemisinin,inducer
2B6,artemisinin,substrate
2B6,bupropion,substrate
2B6,carbamazepine,inducer
2B6,clopidogrel,inhibitor
2B6,cyclophosphamide,substrate
2B6,dabrafenib,inducer
2B6,efavirenz,inducer
2B6,efavirenz,substrate
2B6,ifosphamide,substrate
2B6,ketamine,substrate
2B6,lemborexant,inducer
2B6,meperidine,substrate
2B6,methadone,substrate
2B6,nevirapine,inducer
2B6,nevirapine,substrate
2B6,phenobarbital,inducer
2B6,phenytoin,inducer
2B6,propofol,substrate
2B6,rifampin,inducer
2B6,selegiline,substrate
2B6,thiotepa,inhibitor
2B6,ticlopidine,inhibitor
2B6,tramadol,substrate
2B6,velpatasvir,substrate
2B6,voriconazole,inhibitor
2C19,Pirtobrutinib,inhibitor
2C19,St. John's Wort,inducer
2C19,amitriptyline,substrate
2C19,armodafinil,inhibitor
2C19,atomoxetine,substrate
2C19,brivaracetam,substrate
2C19,carisoprodol,substrate
2C19,cenobamate,inhibitor
2C19,chloramphenicol,inhibitor
2C19,cimetidine,inhibitor
2C19,citalopram,substrate
2C19,clobazam,substrate
2C19,clomipramine,substrate
2C19,clopidogrel,substrate
2C19,cyclophosphamide,substrate
2C19,diazepam,substrate
2C19,doxepin,substrate
2C19,efavirenz,inducer
2C19,enzalutamide,inducer
2C19,escitalopram,substrate
2C19,esomeprazole,inhibitor
2C19,esomeprazole,substrate
2C19,felbamate,inhibitor
2C19,flibanserin,substrate
2C19,fluconazole,inhibitor
2C19,fluoxetine,inhibitor
2C19,fluvoxamine,inhibitor
2C19,hexobarbital,substrate
2C19,imipramine,substrate
2C19,isoniazid,inhibitor
2C19,ketoconazole,inhibitor
2C19,labetalol,substrate
2C19,lansoprazole,substrate
2C19,letermovir,inducer
2C19,luliconazole,inhibitor
2C19,mavacamten,substrate
2C19,moclobemide,substrate
2C19,modafinil,inhibitor
2C19,nelfinavir,substrate
2C19,omeprazole,inhibitor
2C19,omeprazole,substrate
2C19,oral contraceptives,inhibitor
2C19,oritavancin,inhibitor
2C19,pantoprazole,substrate
2C19,phenobarbitone,substrate
2C19,phenytoin,substrate
2C19,prednisone,inducer
2C19,progesterone,substrate
2C19,proguanil,substrate
2C19,propranolol,substrate
2C19,quercetin,inhibitor
2C19,r-mephobarbital,substrate
2C19,r-warfarin,substrate
2C19,rifampin,inducer
2C19,ritonavir,inducer
2C19,rucaparib,inhibitor
2C19,s-mephenytoin,substrate
2C19,ticlopidine,inhibitor
2C19,tipranavir and ritonavir,inducer
2C19,topiramate,inhibitor
2C19,valproic acid,substrate
2C19,venlafaxine,substrate
2C19,voriconazole,inhibitor
2C19,voriconazole,substrate
2C8,Pirtobrutinib,inhibitor
2C8,Selpercatinib,inhibitor
2C8,Tazemetostat,inhibitor
2C8,abiraterone,inhibitor
2C8,amodiaquine,substrate
2C8,cerivastatin,substrate
2C8,clopidogrel,inhibitor
2C8,dabrafenib,substrate
2C8,deferasirox,inhibitor
2C8,efavirenz,inhibitor
2C8,enzalutamide,substrate
2C8,gemfibrozil,inhibitor
2C8,glitazones,inhibitor
2C8,iptacopan,substrate
2C8,lapatinib,inhibitor
2C8,letermovir,inhibitor
2C8,montelukast,inhibitor
2C8,paclitaxel,substrate
2C8,quercetin,inhibitor
2C8,repaglinide,substrate
2C8,resmetirom,inhibitor
2C8,rifampin,inducer
2C8,rosiglitazone,substrate
2C8,selexipag,substrate
2C8,teriflunomide,inhibitor
2C8,trimethoprim,inhibitor
2C8,tucatinib,inhibitor
2C8,tucatinib,substrate
2C9,St. John's Wort,inducer
2C9,amiodarone,inhibitor
2C9,amitriptyline,substrate
2C9,atomoxetine,substrate
2C9,avatrombopag,substrate
2C9,azilsartan,substrate
2C9,capecitabine,inhibitor
2C9,carbamazepine,inducer
2C9,celecoxib,substrate
2C9,ceritinib,inhibitor
2C9,dabrafenib,inducer
2C9,diclofenac,substrate
2C9,doxepin,substrate
2C9,efavirenz,inhibitor
2C9,enzalutamide,inducer
2C9,estrasimod,substrate
2C9,fenofibrate,inhibitor
2C9,fluconazole,inhibitor
2C9,fluoxetine,substrate
2C9,flurbiprofen,substrate
2C9,fluvastatin,inhibitor
2C9,fluvastatin,substrate
2C9,glimepiride,substrate
2C9,glipizide,substrate
2C9,glyburide/glibenclamide,substrate
2C9,ibuprofen,substrate
2C9,indomethacin,substrate
2C9,irbesartan,substrate
2C9,isoniazid,inhibitor
2C9,lesinurad,substrate
2C9,lomipatide,inhibitor
2C9,lornoxicam,substrate
2C9,losartan,substrate
2C9,meloxicam,substrate
2C9,metronidazole,inhibitor
2C9,nateglinide,substrate
2C9,nevirapine,inducer
2C9,ospemifene,substrate
2C9,phenobarbital,inducer
2C9,phenylbutazone,inhibitor
2C9,phenytoin,substrate
2C9,piroxicam,substrate
2C9,quercetin,inhibitor
2C9,rifampin,inducer
2C9,rucaparib,inhibitor
2C9,ruxolitinib,substrate
2C9,s-naproxen,substrate
2C9,s-warfarin,substrate
2C9,secobarbital,inducer
2C9,siponimod,substrate
2C9,sulfamethoxazole,inhibitor
2C9,sulfaphenazole,inhibitor
2C9,tenoxicam,substrate
2C9,tolbutamide,substrate
2C9,torsemide,substrate
2C9,valproic acid,substrate
2C9,voriconazole,inhibitor
2C9,zafirlukast,inhibitor
2C9,zafirlukast,substrate
2D6,Fluvoxamine,inhibitor
2D6,Mephedrone,substrate
2D6,S-ondansetron,substrate
2D6,Viloxazine,inhibitor
2D6,abiraterone,inhibitor
2D6,amiodarone,inhibitor
2D6,amitriptyline,substrate
2D6,amphetamine,substrate
2D6,aripiprazole,substrate
2D6,atomoxetine,substrate
2D6,brexpiprazole,substrate
2D6,bufuralol,substrate
2D6,bupropion,inhibitor
2D6,carvedilol,substrate
2D6,celecoxib,inhibitor
2D6,chlorpheniramine,substrate
2D6,chlorpromazine,inhibitor
2D6,chlorpromazine,substrate
2D6,cimetidine,inhibitor
2D6,cinacalcet,inhibitor
2D6,citalopram,inhibitor
2D6,clemastine,inhibitor
2D6,clobazam,inhibitor
2D6,clomipramine,inhibitor
2D6,clomipramine,substrate
2D6,clonidine,substrate
2D6,cocaine,inhibitor
2D6,codeine,substrate
2D6,debrisoquine,substrate
2D6,desipramine,substrate
2D6,deutetrabenazine,substrate
2D6,dexfenfluramine,substrate
2D6,dextromethorphan,substrate
2D6,diphenhydramine,inhibitor
2D6,donepezil,substrate
2D6,doxepin,inhibitor
2D6,doxepin,substrate
2D6,dronedarone,inhibitor
2D6,duloxetine,inhibitor
2D6,duloxetine,substrate
2D6,eliglustat,substrate
2D6,encainide,substrate
2D6,escitalopram,inhibitor
2D6,escitalopram,substrate
2D6,flecainide,substrate
2D6,fluoxetine,inhibitor
2D6,fluoxetine,substrate
2D6,fluvoxamine,substrate
2D6,halofantrine,inhibitor
2D6,haloperidol,inhibitor
2D6,haloperidol,substrate
2D6,hydroxychloroquine,inhibitor
2D6,hydroxyzine,inhibitor
2D6,imipramine,substrate
2D6,labetalol,inhibitor
2D6,levomepromazine,inhibitor
2D6,lorcaserin,inhibitor
2D6,methadone,inhibitor
2D6,methoxyamphetamine,substrate
2D6,metoclopramide,inhibitor
2D6,metoclopramide,substrate
2D6,metoprolol,substrate
2D6,mexiletine,substrate
2D6,midodrine,inhibitor
2D6,mirabegron,inhibitor
2D6,moclobemide,inhibitor
2D6,nebivolol,substrate
2D6,nortriptyline,substrate
2D6,oxycodone,substrate
2D6,panobinostat,inhibitor
2D6,paroxetine,inhibitor
2D6,paroxetine,substrate
2D6,perhexiline,inhibitor
2D6,perhexiline,substrate
2D6,perphenazine,inhibitor
2D6,perphenazine,substrate
2D6,promethazine,inhibitor
2D6,promethazine,substrate
2D6,propafenone,substrate
2D6,propranolol,substrate
2D6,quinidine,inhibitor
2D6,risperidone,substrate
2D6,ritonavir,inhibitor
2D6,rolapitant,inhibitor
2D6,sertraline,inhibitor
2D6,sparteine,substrate
2D6,tamoxifen,substrate
2D6,terbinafine (oral),inhibitor
2D6,tetrabenzine,substrate
2D6,thioridazine,substrate
2D6,ticlopidine,inhibitor
2D6,timolol,substrate
2D6,tipranavir and ritonavir,inhibitor
2D6,tramadol,substrate
2D6,tripelennamine,inhibitor
2D6,umeclidinium,substrate
2D6,valbenazine,substrate
2D6,vemurafenib,inhibitor
2D6,venlafaxine,substrate
2D6,vilazodone,substrate
2D6,zuclopenthixol,substrate
2E1,acetaminophen,substrate
2E1,aniline,substrate
2E1,benzene,substrate
2E1,chlorzoxazone,substrate
2E1,diethyl-dithiocarbamate,inhibitor
2E1,disulfiram,inhibitor
2E1,enflurane,substrate
2E1,ethanol,inducer
2E1,halothane,substrate
2E1,isoflurane,substrate
2E1,isoniazid,inducer
2E1,methoxyflurane,substrate
2E1,"n,n-dimethylformamide",substrate
2E1,quercetin,inhibitor
2E1,ribociclib,inhibitor
2E1,sevoflurane,substrate
2E1,theophylline,substrate
3A4/5,Imatinib,substrate
3A4/5,Ivosidenib,inducer
3A4/5,Levoacetylamethadol,substrate
3A4/5,Pirtobrutinib,inhibitor
3A4/5,Posaconazole,inhibitor
3A4/5,St. John's Wort,inducer
3A4/5,Viloxazine,inhibitor
3A4/5,abemaciclib,substrate
3A4/5,abiraterone,substrate
3A4/5,acalabrutinib,substrate
3A4/5,adagrasib,inhibitor
3A4/5,alectinib,substrate
3A4/5,alfentanil,substrate
3A4/5,alprazolam,substrate
3A4/5,amiodarone,inhibitor
3A4/5,amlodipine,substrate
3A4/5,amlodipine (3A5),inhibitor
3A4/5,apixaban,substrate
3A4/5,aprepitant,inhibitor
3A4/5,aprepitant,substrate
3A4/5,aripiprazole,substrate
3A4/5,astemizole,substrate
3A4/5,atomoxetine,inhibitor
3A4/5,atorvastatin,substrate
3A4/5,avanafil,substrate
3A4/5,avatrombopag,substrate
3A4/5,axitinib,substrate
3A4/5,betamethasone,inducer
3A4/5,boceprevir,inhibitor
3A4/5,boceprevir,substrate
3A4/5,bosentan,substrate
3A4/5,bosutinib,substrate
3A4/5,brexpiprazole,substrate
3A4/5,brigatinib,inducer
3A4/5,brigatinib,substrate
3A4/5,buspirone,substrate
3A4/5,cafergot,substrate
3A4/5,carbamazepine,inducer
3A4/5,carbamazepine,substrate
3A4/5,cariprazine,substrate
3A4/5,cenobamate,inducer
3A4/5,ceritinib,inhibitor
3A4/5,ceritinib,substrate
3A4/5,cerivastatin,substrate
3A4/5,chloramphenicol,inhibitor
3A4/5,chlorzoxazone,inhibitor
3A4/5,cilostazol,inhibitor
3A4/5,cilostazol,substrate
3A4/5,cimetidine,inhibitor
3A4/5,ciprofloxacin,inhibitor
3A4/5,cisapride,substrate
3A4/5,clarithromycin,inhibitor
3A4/5,clarithromycin,substrate
3A4/5,clobazam,inducer
3A4/5,clobazam,substrate
3A4/5,clopidogrel,substrate
3A4/5,clotrimazole,inhibitor
3A4/5,cobicistat,inhibitor
3A4/5,cobimetinib,substrate
3A4/5,codeine,substrate
3A4/5,colchicine,substrate
3A4/5,conivaptant,inhibitor
3A4/5,conivaptant,substrate
3A4/5,copanlisib,substrate
3A4/5,crizotinib,inhibitor
3A4/5,crizotinib,substrate
3A4/5,cyclosporine,inhibitor
3A4/5,cyclosporine,substrate
3A4/5,dabrafenib,inducer
3A4/5,dabrafenib,substrate
3A4/5,daclatasvir,substrate
3A4/5,dapsone,substrate
3A4/5,dasatinib,substrate
3A4/5,deflazacort,substrate
3A4/5,delaviridine,inhibitor
3A4/5,dexamethasone,inducer
3A4/5,dexamethasone,substrate
3A4/5,dextromethorphan,substrate
3A4/5,diazepam,substrate
3A4/5,diltiazem,inhibitor
3A4/5,diltiazem,substrate
3A4/5,docetaxel,substrate
3A4/5,dolutegravir,substrate
3A4/5,domperidone,substrate
3A4/5,dronedarone,inhibitor
3A4/5,efavirenz,inducer
3A4/5,elagolix,inducer
3A4/5,elagolix,substrate
3A4/5,elbasvir/grazoprevir,substrate
3A4/5,eliglustat,substrate
3A4/5,entrectinib,inhibitor
3A4/5,enzalutamide,inducer
3A4/5,enzalutamide,substrate
3A4/5,eplerenone,substrate
3A4/5,erythromycin,inhibitor
3A4/5,erythromycin,substrate
3A4/5,eslicarbazepine,inducer
3A4/5,esomeprazole,inhibitor
3A4/5,esomeprazole,substrate
3A4/5,estradiol,substrate
3A4/5,everolimus,substrate
3A4/5,felodipine,substrate
3A4/5,fentanyl,substrate
3A4/5,finasteride,substrate
3A4/5,flibanserin,substrate
3A4/5,fluconazole,inhibitor
3A4/5,fluvoxamine,inhibitor
3A4/5,fosaprepitant,inhibitor
3A4/5,gleevec,substrate
3A4/5,grapefruit juice,inhibitor
3A4/5,haloperidol,substrate
3A4/5,hydrocortisone,substrate
3A4/5,ibrutinib,substrate
3A4/5,idelalisib,inhibitor
3A4/5,idelalisib,substrate
3A4/5,imatinib,inhibitor
3A4/5,indacaterol,substrate
3A4/5,indinavir,inhibitor
3A4/5,indinavir,substrate
3A4/5,irinotecan,substrate
3A4/5,isavuconazole,inhibitor
3A4/5,isavuconazonium,substrate
3A4/5,istradefylline,inhibitor
3A4/5,istradefylline,substrate
3A4/5,itraconazole,inhibitor
3A4/5,ivabradine,substrate
3A4/5,ivacaftor,inhibitor
3A4/5,ivacaftor,substrate
3A4/5,ketoconazole,inhibitor
3A4/5,lansoprazole,substrate
3A4/5,lemborexant,substrate
3A4/5,lenvatinib,substrate
3A4/5,lercanidipine,substrate
3A4/5,lesinurad,inhibitor
3A4/5,letermovir,inhibitor
3A4/5,letermovir,substrate
3A4/5,lidocaine,substrate
3A4/5,linagliptin,substrate
3A4/5,lomipatide,inhibitor
3A4/5,lomipatide,substrate
3A4/5,lopinavir/ritonavir,inhibitor
3A4/5,lorlatinib,inducer
3A4/5,lovastatin,substrate
3A4/5,macitentan,substrate
3A4/5,mavacamten,substrate
3A4/5,methadone,substrate
3A4/5,methylprednisolone,inducer
3A4/5,mibefradil,inhibitor
3A4/5,midazolam,substrate
3A4/5,mifepristone,inhibitor
3A4/5,modafinil,inducer
3A4/5,naldemedine,substrate
3A4/5,naloxegol,substrate
3A4/5,nefazodone,inhibitor
3A4/5,nelfinavir,inhibitor
3A4/5,nelfinavir,substrate
3A4/5,neratinib,substrate
3A4/5,netupitant,inhibitor
3A4/5,netupitant,substrate
3A4/5,nevirapine,inducer
3A4/5,omeprazole,inhibitor
3A4/5,oxcarbazepine,inducer
3A4/5,paritaprevir and ritonavir and ombitasvir and/or dasabuvir [Viekira Pak],inhibitor
3A4/5,phenobarbital,inducer
3A4/5,phenytoin,inducer
3A4/5,pioglitazone,inducer
3A4/5,prednisolone,inducer
3A4/5,prednisone,inducer
3A4/5,quercetin,inhibitor
3A4/5,ranolazine,inhibitor
3A4/5,ribociclib,inhibitor
3A4/5,rifabutin,inducer
3A4/5,rifampin,inducer
3A4/5,ritonavir,inhibitor
3A4/5,rucaparib,inhibitor
3A4/5,saquinavir/ritonavir,inhibitor
3A4/5,selpercatinib,inhibitor
3A4/5,simeprevir,inhibitor
3A4/5,sotorasib,inducer
3A4/5,star fruit,inhibitor
3A4/5,suzetrigine,inducer
3A4/5,telaprevir,inhibitor
3A4/5,telithromycin,inhibitor
3A4/5,telotristat,inducer
3A4/5,ticagrelor,inhibitor
3A4/5,tipranavir and ritonavir,inhibitor
3A4/5,troglitazone,inducer
3A4/5,tucatinib,inhibitor
3A4/5,vemurafenib,inducer
3A4/5,verapamil,inhibitor
3A4/5,voriconazole,inhibitor
